,lr,dpr,batch_size,train_loss,val_loss,train_acc,val_acc
0,0.01,0.1,16,0.4324105216553226,0.3310195968810695,0.8953749999999999,0.87812
1,0.01,0.1,32,0.3620573229969118,0.33611407606465044,0.9107,0.8788
2,0.01,0.1,64,0.37487647909718225,0.34009887425205376,0.90715,0.87848
3,0.01,0.3,16,0.4538356329329288,0.3118169705252559,0.89155,0.88308
4,0.01,0.3,32,0.45320641414564894,0.3150021862262374,0.8891249999999999,0.8815199999999999
5,0.01,0.3,64,0.43656148303158676,0.32479789873844467,0.892675,0.8784400000000001
6,0.01,0.5,16,0.6210027478230646,0.32190933419397466,0.8558749999999999,0.8750799999999999
