,lr,dpr,train_loss,val_loss,train_acc,val_acc
0,0.01,0.1,0.7525287596508861,0.354387804120779,0.924675,0.8800000000000001
1,0.01,0.3,1.1976674063131214,0.33287313394248486,0.8797750000000001,0.8720000000000001
2,0.01,0.5,1.6823273293673993,0.34160766676068305,0.8347749999999999,0.8651
3,0.001,0.1,0.8988585001789033,0.2987855589017272,0.9113999999999999,0.8916999999999999
4,0.001,0.3,1.416354089602828,0.31866019740700724,0.8598250000000001,0.8775000000000001
5,0.001,0.5,1.9639197867363691,0.387389850243926,0.808325,0.8468
6,0.0001,0.1,1.9120764192193747,0.40452340953052046,0.815825,0.8523
7,0.0001,0.3,2.575503425300121,0.5540365021675825,0.7416499999999999,0.7767
8,0.0001,0.5,3.2836021691560746,0.6463353596627712,0.665525,0.7227
